[
  {
    "ts": "2022-12-12T16:39:40Z",
    "username": "hevian11",
    "platform": "android",
    "ms_played": 21688,
    "conn_country": "CL",
    "ip_addr_decrypted": "190.161.68.172",
    "user_agent_decrypted": "unknown",
    "master_metadata_track_name": null,
    "master_metadata_album_artist_name": null,
    "master_metadata_album_album_name": null,
    "spotify_track_uri": null,
    "episode_name": null,
    "episode_show_name": null,
    "spotify_episode_uri": null,
    "reason_start": "unknown",
    "reason_end": "trackdone",
    "shuffle": false,
    "skipped": false,
    "offline": null,
    "offline_timestamp": 0,
    "incognito_mode": false
  },
  {
    "ts": "2022-12-12T16:39:47Z",
    "username": "hevian11",
    "platform": "android",
    "ms_played": 0,
    "conn_country": "CL",
    "ip_addr_decrypted": "190.161.68.172",
    "user_agent_decrypted": "unknown",
    "master_metadata_track_name": "Si Quieren Frontear",
    "master_metadata_album_artist_name": "Duki",
    "master_metadata_album_album_name": "Temporada de Reggaetón 2",
    "spotify_track_uri": "spotify:track:3UT2CkCgSWjK6h5v5Ye4GH",
    "episode_name": null,
    "episode_show_name": null,
    "spotify_episode_uri": null,
    "reason_start": "unknown",
    "reason_end": "endplay",
    "shuffle": false,
    "skipped": true,
    "offline": null,
    "offline_timestamp": 0,
    "incognito_mode": false
  },
  {
    "ts": "2022-12-12T16:39:47Z",
    "username": "hevian11",
    "platform": "android",
    "ms_played": 0,
    "conn_country": "CL",
    "ip_addr_decrypted": "190.161.68.172",
    "user_agent_decrypted": "unknown",
    "master_metadata_track_name": null,
    "master_metadata_album_artist_name": null,
    "master_metadata_album_album_name": null,
    "spotify_track_uri": null,
    "episode_name": null,
    "episode_show_name": null,
    "spotify_episode_uri": null,
    "reason_start": "unknown",
    "reason_end": "endplay",
    "shuffle": false,
    "skipped": true,
    "offline": null,
    "offline_timestamp": 0,
    "incognito_mode": false
  },
  {
    "ts": "2023-03-16T17:36:49Z",
    "username": "hevian11",
    "platform": "android",
    "ms_played": 0,
    "conn_country": "CL",
    "ip_addr_decrypted": "201.188.171.222",
    "user_agent_decrypted": "unknown",
    "master_metadata_track_name": null,
    "master_metadata_album_artist_name": null,
    "master_metadata_album_album_name": null,
    "spotify_track_uri": null,
    "episode_name": "000 - Nuestra misión",
    "episode_show_name": "Inglés desde cero",
    "spotify_episode_uri": "spotify:episode:05FIOsNaVy1QSSOgh35Udw",
    "reason_start": "unknown",
    "reason_end": "endplay",
    "shuffle": false,
    "skipped": true,
    "offline": null,
    "offline_timestamp": 0,
    "incognito_mode": false
  },
  {
    "ts": "2023-03-16T17:36:49Z",
    "username": "hevian11",
    "platform": "android",
    "ms_played": 0,
    "conn_country": "CL",
    "ip_addr_decrypted": "201.188.171.222",
    "user_agent_decrypted": "unknown",
    "master_metadata_track_name": null,
    "master_metadata_album_artist_name": null,
    "master_metadata_album_album_name": null,
    "spotify_track_uri": null,
    "episode_name": "Vuelve Alberto ",
    "episode_show_name": "BROMAS AURONPLAY ",
    "spotify_episode_uri": "spotify:episode:46besoDR8FwxBm5jRbNxzE",
    "reason_start": "unknown",
    "reason_end": "endplay",
    "shuffle": false,
    "skipped": true,
    "offline": null,
    "offline_timestamp": 0,
    "incognito_mode": false
  },
  {
    "ts": "2023-04-13T11:44:37Z",
    "username": "hevian11",
    "platform": "android",
    "ms_played": 7602,
    "conn_country": "CL",
    "ip_addr_decrypted": "186.189.91.30",
    "user_agent_decrypted": "unknown",
    "master_metadata_track_name": "Dijimos los Dos",
    "master_metadata_album_artist_name": "Emporio",
    "master_metadata_album_album_name": "Dijimos los Dos",
    "spotify_track_uri": "spotify:track:37sIla1s1e74H2isOEhx4H",
    "episode_name": null,
    "episode_show_name": null,
    "spotify_episode_uri": null,
    "reason_start": "unknown",
    "reason_end": "endplay",
    "shuffle": false,
    "skipped": true,
    "offline": null,
    "offline_timestamp": 0,
    "incognito_mode": false
  },
  {
    "ts": "2023-04-13T15:00:37Z",
    "username": "hevian11",
    "platform": "android",
    "ms_played": 0,
    "conn_country": "CL",
    "ip_addr_decrypted": "186.189.91.99",
    "user_agent_decrypted": "unknown",
    "master_metadata_track_name": "Dijimos los Dos",
    "master_metadata_album_artist_name": "Emporio",
    "master_metadata_album_album_name": "Dijimos los Dos",
    "spotify_track_uri": "spotify:track:37sIla1s1e74H2isOEhx4H",
    "episode_name": null,
    "episode_show_name": null,
    "spotify_episode_uri": null,
    "reason_start": "unknown",
    "reason_end": "endplay",
    "shuffle": false,
    "skipped": true,
    "offline": null,
    "offline_timestamp": 0,
    "incognito_mode": false
  },
  {
    "ts": "2023-04-13T15:00:37Z",
    "username": "hevian11",
    "platform": "android",
    "ms_played": 0,
    "conn_country": "CL",
    "ip_addr_decrypted": "186.189.91.99",
    "user_agent_decrypted": "unknown",
    "master_metadata_track_name": "Tres Noches",
    "master_metadata_album_artist_name": "Magus",
    "master_metadata_album_album_name": "Un Verano Contigo",
    "spotify_track_uri": "spotify:track:7uexfXqussNIPVlmx2rRMJ",
    "episode_name": null,
    "episode_show_name": null,
    "spotify_episode_uri": null,
    "reason_start": "unknown",
    "reason_end": "endplay",
    "shuffle": false,
    "skipped": true,
    "offline": null,
    "offline_timestamp": 0,
    "incognito_mode": false
  },
  {
    "ts": "2023-04-13T20:40:54Z",
    "username": "hevian11",
    "platform": "android",
    "ms_played": 0,
    "conn_country": "CL",
    "ip_addr_decrypted": "45.232.32.142",
    "user_agent_decrypted": "unknown",
    "master_metadata_track_name": "Tres Noches",
    "master_metadata_album_artist_name": "Magus",
    "master_metadata_album_album_name": "Un Verano Contigo",
    "spotify_track_uri": "spotify:track:7uexfXqussNIPVlmx2rRMJ",
    "episode_name": null,
    "episode_show_name": null,
    "spotify_episode_uri": null,
    "reason_start": "unknown",
    "reason_end": "endplay",
    "shuffle": false,
    "skipped": true,
    "offline": null,
    "offline_timestamp": 0,
    "incognito_mode": false
  },
  {
    "ts": "2023-04-13T20:40:54Z",
    "username": "hevian11",
    "platform": "android",
    "ms_played": 0,
    "conn_country": "CL",
    "ip_addr_decrypted": "45.232.32.142",
    "user_agent_decrypted": "unknown",
    "master_metadata_track_name": "Dijimos los Dos",
    "master_metadata_album_artist_name": "Emporio",
    "master_metadata_album_album_name": "Dijimos los Dos",
    "spotify_track_uri": "spotify:track:37sIla1s1e74H2isOEhx4H",
    "episode_name": null,
    "episode_show_name": null,
    "spotify_episode_uri": null,
    "reason_start": "unknown",
    "reason_end": "endplay",
    "shuffle": false,
    "skipped": true,
    "offline": null,
    "offline_timestamp": 0,
    "incognito_mode": false
  },
  {
    "ts": "2023-04-13T20:40:55Z",
    "username": "hevian11",
    "platform": "android",
    "ms_played": 0,
    "conn_country": "CL",
    "ip_addr_decrypted": "45.232.32.142",
    "user_agent_decrypted": "unknown",
    "master_metadata_track_name": "Big Poppa - 2005 Remaster",
    "master_metadata_album_artist_name": "The Notorious B.I.G.",
    "master_metadata_album_album_name": "Bad Boy's 10th Anniversary- The Hits",
    "spotify_track_uri": "spotify:track:17larILaMHwsprsMFnYI77",
    "episode_name": null,
    "episode_show_name": null,
    "spotify_episode_uri": null,
    "reason_start": "unknown",
    "reason_end": "endplay",
    "shuffle": false,
    "skipped": true,
    "offline": null,
    "offline_timestamp": 0,
    "incognito_mode": false
  },
  {
    "ts": "2023-04-13T20:40:55Z",
    "username": "hevian11",
    "platform": "android",
    "ms_played": 0,
    "conn_country": "CL",
    "ip_addr_decrypted": "45.232.32.142",
    "user_agent_decrypted": "unknown",
    "master_metadata_track_name": "Gangsta's Paradise",
    "master_metadata_album_artist_name": "Coolio",
    "master_metadata_album_album_name": "Gangsta's Paradise",
    "spotify_track_uri": "spotify:track:1DIXPcTDzTj8ZMHt3PDt8p",
    "episode_name": null,
    "episode_show_name": null,
    "spotify_episode_uri": null,
    "reason_start": "unknown",
    "reason_end": "endplay",
    "shuffle": false,
    "skipped": true,
    "offline": null,
    "offline_timestamp": 0,
    "incognito_mode": false
  },
  {
    "ts": "2023-04-15T17:53:00Z",
    "username": "hevian11",
    "platform": "android",
    "ms_played": 0,
    "conn_country": "CL",
    "ip_addr_decrypted": "201.188.173.12",
    "user_agent_decrypted": "unknown",
    "master_metadata_track_name": "Muñeca",
    "master_metadata_album_artist_name": "Marcianeke",
    "master_metadata_album_album_name": "Muñeca",
    "spotify_track_uri": "spotify:track:5MxnvIBS4UMUpbZUKQsuNA",
    "episode_name": null,
    "episode_show_name": null,
    "spotify_episode_uri": null,
    "reason_start": "unknown",
    "reason_end": "endplay",
    "shuffle": false,
    "skipped": true,
    "offline": null,
    "offline_timestamp": 0,
    "incognito_mode": false
  },
  {
    "ts": "2023-04-15T17:53:04Z",
    "username": "hevian11",
    "platform": "android",
    "ms_played": 0,
    "conn_country": "CL",
    "ip_addr_decrypted": "201.188.173.12",
    "user_agent_decrypted": "unknown",
    "master_metadata_track_name": "Estás?",
    "master_metadata_album_artist_name": "ROBI",
    "master_metadata_album_album_name": "Estás?",
    "spotify_track_uri": "spotify:track:2t3bfwZMTUIdMRPstTOeoD",
    "episode_name": null,
    "episode_show_name": null,
    "spotify_episode_uri": null,
    "reason_start": "unknown",
    "reason_end": "endplay",
    "shuffle": false,
    "skipped": true,
    "offline": null,
    "offline_timestamp": 0,
    "incognito_mode": false
  },
  {
    "ts": "2023-04-15T17:53:04Z",
    "username": "hevian11",
    "platform": "android",
    "ms_played": 0,
    "conn_country": "CL",
    "ip_addr_decrypted": "201.188.173.12",
    "user_agent_decrypted": "unknown",
    "master_metadata_track_name": "MI DROGA",
    "master_metadata_album_artist_name": "Myke Towers",
    "master_metadata_album_album_name": "LA VIDA ES UNA",
    "spotify_track_uri": "spotify:track:5OYRVKWII0Eog7CjQRnmGf",
    "episode_name": null,
    "episode_show_name": null,
    "spotify_episode_uri": null,
    "reason_start": "unknown",
    "reason_end": "endplay",
    "shuffle": false,
    "skipped": true,
    "offline": null,
    "offline_timestamp": 0,
    "incognito_mode": false
  },
  {
    "ts": "2023-04-19T16:27:37Z",
    "username": "hevian11",
    "platform": "android",
    "ms_played": 0,
    "conn_country": "CL",
    "ip_addr_decrypted": "201.188.175.103",
    "user_agent_decrypted": "unknown",
    "master_metadata_track_name": "FEEL ME??",
    "master_metadata_album_artist_name": "Trueno",
    "master_metadata_album_album_name": "BIEN O MAL",
    "spotify_track_uri": "spotify:track:3qukYaYSxIUBcq5UIUIsPf",
    "episode_name": null,
    "episode_show_name": null,
    "spotify_episode_uri": null,
    "reason_start": "unknown",
    "reason_end": "endplay",
    "shuffle": false,
    "skipped": true,
    "offline": null,
    "offline_timestamp": 0,
    "incognito_mode": false
  },
  {
    "ts": "2023-04-19T16:27:37Z",
    "username": "hevian11",
    "platform": "android",
    "ms_played": 0,
    "conn_country": "CL",
    "ip_addr_decrypted": "201.188.175.103",
    "user_agent_decrypted": "unknown",
    "master_metadata_track_name": "No Puedo",
    "master_metadata_album_artist_name": "Paulo Londra",
    "master_metadata_album_album_name": "Homerun",
    "spotify_track_uri": "spotify:track:6MbSMSXrSlvsyHf4kcaLQi",
    "episode_name": null,
    "episode_show_name": null,
    "spotify_episode_uri": null,
    "reason_start": "unknown",
    "reason_end": "endplay",
    "shuffle": false,
    "skipped": true,
    "offline": null,
    "offline_timestamp": 0,
    "incognito_mode": false
  },
  {
    "ts": "2023-04-19T16:27:41Z",
    "username": "hevian11",
    "platform": "android",
    "ms_played": 0,
    "conn_country": "CL",
    "ip_addr_decrypted": "201.188.175.103",
    "user_agent_decrypted": "unknown",
    "master_metadata_track_name": "La Respuesta",
    "master_metadata_album_artist_name": "Ptazeta",
    "master_metadata_album_album_name": "La Respuesta",
    "spotify_track_uri": "spotify:track:0O1l4OjHaOk2VYvSUL9Q7r",
    "episode_name": null,
    "episode_show_name": null,
    "spotify_episode_uri": null,
    "reason_start": "unknown",
    "reason_end": "endplay",
    "shuffle": false,
    "skipped": true,
    "offline": null,
    "offline_timestamp": 0,
    "incognito_mode": false
  },
  {
    "ts": "2023-04-19T16:27:41Z",
    "username": "hevian11",
    "platform": "android",
    "ms_played": 0,
    "conn_country": "CL",
    "ip_addr_decrypted": "201.188.175.103",
    "user_agent_decrypted": "unknown",
    "master_metadata_track_name": "De Nada - Remix",
    "master_metadata_album_artist_name": "Yami Safdie",
    "master_metadata_album_album_name": "De Nada",
    "spotify_track_uri": "spotify:track:3jqFGtyQtgxRgtFaoEAoac",
    "episode_name": null,
    "episode_show_name": null,
    "spotify_episode_uri": null,
    "reason_start": "unknown",
    "reason_end": "endplay",
    "shuffle": false,
    "skipped": true,
    "offline": null,
    "offline_timestamp": 0,
    "incognito_mode": false
  },
  {
    "ts": "2023-04-19T16:27:44Z",
    "username": "hevian11",
    "platform": "android",
    "ms_played": 0,
    "conn_country": "CL",
    "ip_addr_decrypted": "201.188.175.103",
    "user_agent_decrypted": "unknown",
    "master_metadata_track_name": "No Puedo",
    "master_metadata_album_artist_name": "Paulo Londra",
    "master_metadata_album_album_name": "Homerun",
    "spotify_track_uri": "spotify:track:6MbSMSXrSlvsyHf4kcaLQi",
    "episode_name": null,
    "episode_show_name": null,
    "spotify_episode_uri": null,
    "reason_start": "unknown",
    "reason_end": "endplay",
    "shuffle": false,
    "skipped": true,
    "offline": null,
    "offline_timestamp": 0,
    "incognito_mode": false
  },
  {
    "ts": "2023-04-19T16:27:44Z",
    "username": "hevian11",
    "platform": "android",
    "ms_played": 0,
    "conn_country": "CL",
    "ip_addr_decrypted": "201.188.175.103",
    "user_agent_decrypted": "unknown",
    "master_metadata_track_name": "FEEL ME??",
    "master_metadata_album_artist_name": "Trueno",
    "master_metadata_album_album_name": "BIEN O MAL",
    "spotify_track_uri": "spotify:track:3qukYaYSxIUBcq5UIUIsPf",
    "episode_name": null,
    "episode_show_name": null,
    "spotify_episode_uri": null,
    "reason_start": "unknown",
    "reason_end": "endplay",
    "shuffle": false,
    "skipped": true,
    "offline": null,
    "offline_timestamp": 0,
    "incognito_mode": false
  },
  {
    "ts": "2023-04-19T16:27:48Z",
    "username": "hevian11",
    "platform": "android",
    "ms_played": 0,
    "conn_country": "CL",
    "ip_addr_decrypted": "201.188.175.103",
    "user_agent_decrypted": "unknown",
    "master_metadata_track_name": "Ella",
    "master_metadata_album_artist_name": "El Bobe",
    "master_metadata_album_album_name": "Ella",
    "spotify_track_uri": "spotify:track:5lFSvyRAeG0asgqBuM5MQW",
    "episode_name": null,
    "episode_show_name": null,
    "spotify_episode_uri": null,
    "reason_start": "unknown",
    "reason_end": "endplay",
    "shuffle": false,
    "skipped": true,
    "offline": null,
    "offline_timestamp": 0,
    "incognito_mode": false
  },
  {
    "ts": "2023-04-19T16:27:54Z",
    "username": "hevian11",
    "platform": "android",
    "ms_played": 0,
    "conn_country": "CL",
    "ip_addr_decrypted": "201.188.175.103",
    "user_agent_decrypted": "unknown",
    "master_metadata_track_name": "Ella",
    "master_metadata_album_artist_name": "El Bobe",
    "master_metadata_album_album_name": "Ella",
    "spotify_track_uri": "spotify:track:5lFSvyRAeG0asgqBuM5MQW",
    "episode_name": null,
    "episode_show_name": null,
    "spotify_episode_uri": null,
    "reason_start": "unknown",
    "reason_end": "endplay",
    "shuffle": false,
    "skipped": true,
    "offline": null,
    "offline_timestamp": 0,
    "incognito_mode": false
  },
  {
    "ts": "2023-04-19T16:27:56Z",
    "username": "hevian11",
    "platform": "android",
    "ms_played": 0,
    "conn_country": "CL",
    "ip_addr_decrypted": "201.188.175.103",
    "user_agent_decrypted": "unknown",
    "master_metadata_track_name": "La Respuesta",
    "master_metadata_album_artist_name": "Ptazeta",
    "master_metadata_album_album_name": "La Respuesta",
    "spotify_track_uri": "spotify:track:0O1l4OjHaOk2VYvSUL9Q7r",
    "episode_name": null,
    "episode_show_name": null,
    "spotify_episode_uri": null,
    "reason_start": "unknown",
    "reason_end": "endplay",
    "shuffle": false,
    "skipped": true,
    "offline": null,
    "offline_timestamp": 0,
    "incognito_mode": false
  },
  {
    "ts": "2023-04-19T16:27:57Z",
    "username": "hevian11",
    "platform": "android",
    "ms_played": 0,
    "conn_country": "CL",
    "ip_addr_decrypted": "201.188.175.103",
    "user_agent_decrypted": "unknown",
    "master_metadata_track_name": "De Nada - Remix",
    "master_metadata_album_artist_name": "Yami Safdie",
    "master_metadata_album_album_name": "De Nada",
    "spotify_track_uri": "spotify:track:3jqFGtyQtgxRgtFaoEAoac",
    "episode_name": null,
    "episode_show_name": null,
    "spotify_episode_uri": null,
    "reason_start": "unknown",
    "reason_end": "endplay",
    "shuffle": false,
    "skipped": true,
    "offline": null,
    "offline_timestamp": 0,
    "incognito_mode": false
  },
  {
    "ts": "2023-04-19T16:28:04Z",
    "username": "hevian11",
    "platform": "android",
    "ms_played": 0,
    "conn_country": "CL",
    "ip_addr_decrypted": "201.188.175.103",
    "user_agent_decrypted": "unknown",
    "master_metadata_track_name": "La Respuesta",
    "master_metadata_album_artist_name": "Ptazeta",
    "master_metadata_album_album_name": "La Respuesta",
    "spotify_track_uri": "spotify:track:0O1l4OjHaOk2VYvSUL9Q7r",
    "episode_name": null,
    "episode_show_name": null,
    "spotify_episode_uri": null,
    "reason_start": "unknown",
    "reason_end": "endplay",
    "shuffle": false,
    "skipped": true,
    "offline": null,
    "offline_timestamp": 0,
    "incognito_mode": false
  },
  {
    "ts": "2023-04-19T16:28:04Z",
    "username": "hevian11",
    "platform": "android",
    "ms_played": 0,
    "conn_country": "CL",
    "ip_addr_decrypted": "201.188.175.103",
    "user_agent_decrypted": "unknown",
    "master_metadata_track_name": "De Nada - Remix",
    "master_metadata_album_artist_name": "Yami Safdie",
    "master_metadata_album_album_name": "De Nada",
    "spotify_track_uri": "spotify:track:3jqFGtyQtgxRgtFaoEAoac",
    "episode_name": null,
    "episode_show_name": null,
    "spotify_episode_uri": null,
    "reason_start": "unknown",
    "reason_end": "endplay",
    "shuffle": false,
    "skipped": true,
    "offline": null,
    "offline_timestamp": 0,
    "incognito_mode": false
  },
  {
    "ts": "2023-04-19T16:28:09Z",
    "username": "hevian11",
    "platform": "android",
    "ms_played": 0,
    "conn_country": "CL",
    "ip_addr_decrypted": "201.188.175.103",
    "user_agent_decrypted": "unknown",
    "master_metadata_track_name": "La Respuesta",
    "master_metadata_album_artist_name": "Ptazeta",
    "master_metadata_album_album_name": "La Respuesta",
    "spotify_track_uri": "spotify:track:0O1l4OjHaOk2VYvSUL9Q7r",
    "episode_name": null,
    "episode_show_name": null,
    "spotify_episode_uri": null,
    "reason_start": "unknown",
    "reason_end": "endplay",
    "shuffle": false,
    "skipped": true,
    "offline": null,
    "offline_timestamp": 0,
    "incognito_mode": false
  },
  {
    "ts": "2023-04-19T16:28:09Z",
    "username": "hevian11",
    "platform": "android",
    "ms_played": 0,
    "conn_country": "CL",
    "ip_addr_decrypted": "201.188.175.103",
    "user_agent_decrypted": "unknown",
    "master_metadata_track_name": "De Nada - Remix",
    "master_metadata_album_artist_name": "Yami Safdie",
    "master_metadata_album_album_name": "De Nada",
    "spotify_track_uri": "spotify:track:3jqFGtyQtgxRgtFaoEAoac",
    "episode_name": null,
    "episode_show_name": null,
    "spotify_episode_uri": null,
    "reason_start": "unknown",
    "reason_end": "endplay",
    "shuffle": false,
    "skipped": true,
    "offline": null,
    "offline_timestamp": 0,
    "incognito_mode": false
  },
  {
    "ts": "2023-04-19T17:48:34Z",
    "username": "hevian11",
    "platform": "android",
    "ms_played": 0,
    "conn_country": "CL",
    "ip_addr_decrypted": "201.188.175.210",
    "user_agent_decrypted": "unknown",
    "master_metadata_track_name": "Ella (feat. alPeDue) - Remix",
    "master_metadata_album_artist_name": "El Bobe",
    "master_metadata_album_album_name": "Ella (feat. alPeDue)",
    "spotify_track_uri": "spotify:track:3zrCNLBJD67qLw60XT5C5C",
    "episode_name": null,
    "episode_show_name": null,
    "spotify_episode_uri": null,
    "reason_start": "unknown",
    "reason_end": "endplay",
    "shuffle": false,
    "skipped": true,
    "offline": null,
    "offline_timestamp": 0,
    "incognito_mode": false
  },
  {
    "ts": "2023-04-20T13:46:27Z",
    "username": "hevian11",
    "platform": "android",
    "ms_played": 0,
    "conn_country": "CL",
    "ip_addr_decrypted": "201.219.236.35",
    "user_agent_decrypted": "unknown",
    "master_metadata_track_name": null,
    "master_metadata_album_artist_name": null,
    "master_metadata_album_album_name": null,
    "spotify_track_uri": null,
    "episode_name": "#31 MEJORA TU PRODUCTIVIDAD, MEJORA TU VIDA - SANTIAGO ALLAMAND PARTE 2 / Con Peras y Finanzas 🍐",
    "episode_show_name": "Con Peras y Finanzas",
    "spotify_episode_uri": "spotify:episode:12BRR6m2hTka03L8sF7zGF",
    "reason_start": "unknown",
    "reason_end": "endplay",
    "shuffle": false,
    "skipped": true,
    "offline": null,
    "offline_timestamp": 0,
    "incognito_mode": false
  },
  {
    "ts": "2023-04-21T21:28:25Z",
    "username": "hevian11",
    "platform": "android",
    "ms_played": 0,
    "conn_country": "CL",
    "ip_addr_decrypted": "200.73.69.220",
    "user_agent_decrypted": "unknown",
    "master_metadata_track_name": "Felicidades",
    "master_metadata_album_artist_name": "Delaossa",
    "master_metadata_album_album_name": "Felicidades",
    "spotify_track_uri": "spotify:track:1jx9ljlGXGrN1sIuEpBfnF",
    "episode_name": null,
    "episode_show_name": null,
    "spotify_episode_uri": null,
    "reason_start": "unknown",
    "reason_end": "endplay",
    "shuffle": false,
    "skipped": true,
    "offline": null,
    "offline_timestamp": 0,
    "incognito_mode": false
  },
  {
    "ts": "2023-04-21T21:28:25Z",
    "username": "hevian11",
    "platform": "android",
    "ms_played": 0,
    "conn_country": "CL",
    "ip_addr_decrypted": "200.73.69.220",
    "user_agent_decrypted": "unknown",
    "master_metadata_track_name": "Flow Violento - Remix",
    "master_metadata_album_artist_name": "Plex",
    "master_metadata_album_album_name": "Flow Violento",
    "spotify_track_uri": "spotify:track:66j4P6CdkPZQW5q0Lv3Vn8",
    "episode_name": null,
    "episode_show_name": null,
    "spotify_episode_uri": null,
    "reason_start": "unknown",
    "reason_end": "endplay",
    "shuffle": false,
    "skipped": true,
    "offline": null,
    "offline_timestamp": 0,
    "incognito_mode": false
  },
  {
    "ts": "2023-04-22T21:38:47Z",
    "username": "hevian11",
    "platform": "android",
    "ms_played": 0,
    "conn_country": "CL",
    "ip_addr_decrypted": "201.188.164.110",
    "user_agent_decrypted": "unknown",
    "master_metadata_track_name": "Flow Violento - Remix",
    "master_metadata_album_artist_name": "Plex",
    "master_metadata_album_album_name": "Flow Violento",
    "spotify_track_uri": "spotify:track:66j4P6CdkPZQW5q0Lv3Vn8",
    "episode_name": null,
    "episode_show_name": null,
    "spotify_episode_uri": null,
    "reason_start": "unknown",
    "reason_end": "endplay",
    "shuffle": false,
    "skipped": true,
    "offline": null,
    "offline_timestamp": 0,
    "incognito_mode": false
  },
  {
    "ts": "2023-04-22T21:38:47Z",
    "username": "hevian11",
    "platform": "android",
    "ms_played": 0,
    "conn_country": "CL",
    "ip_addr_decrypted": "201.188.164.110",
    "user_agent_decrypted": "unknown",
    "master_metadata_track_name": "Felicidades",
    "master_metadata_album_artist_name": "Delaossa",
    "master_metadata_album_album_name": "Felicidades",
    "spotify_track_uri": "spotify:track:1jx9ljlGXGrN1sIuEpBfnF",
    "episode_name": null,
    "episode_show_name": null,
    "spotify_episode_uri": null,
    "reason_start": "unknown",
    "reason_end": "endplay",
    "shuffle": false,
    "skipped": true,
    "offline": null,
    "offline_timestamp": 0,
    "incognito_mode": false
  },
  {
    "ts": "2023-04-22T21:39:30Z",
    "username": "hevian11",
    "platform": "android",
    "ms_played": 0,
    "conn_country": "CL",
    "ip_addr_decrypted": "201.188.164.110",
    "user_agent_decrypted": "unknown",
    "master_metadata_track_name": "Caramelo roto",
    "master_metadata_album_artist_name": "Anyi",
    "master_metadata_album_album_name": "Luz de perla",
    "spotify_track_uri": "spotify:track:2ZtHGb6YAW1WxmOTITOmhy",
    "episode_name": null,
    "episode_show_name": null,
    "spotify_episode_uri": null,
    "reason_start": "unknown",
    "reason_end": "endplay",
    "shuffle": false,
    "skipped": true,
    "offline": null,
    "offline_timestamp": 0,
    "incognito_mode": false
  },
  {
    "ts": "2023-04-22T21:39:30Z",
    "username": "hevian11",
    "platform": "android",
    "ms_played": 0,
    "conn_country": "CL",
    "ip_addr_decrypted": "201.188.164.110",
    "user_agent_decrypted": "unknown",
    "master_metadata_track_name": "Río causal",
    "master_metadata_album_artist_name": "Anyi",
    "master_metadata_album_album_name": "Luz de perla",
    "spotify_track_uri": "spotify:track:7jr0Kt6dj80JMlNoivTRuD",
    "episode_name": null,
    "episode_show_name": null,
    "spotify_episode_uri": null,
    "reason_start": "unknown",
    "reason_end": "endplay",
    "shuffle": false,
    "skipped": true,
    "offline": null,
    "offline_timestamp": 0,
    "incognito_mode": false
  },
  {
    "ts": "2023-04-23T03:18:23Z",
    "username": "hevian11",
    "platform": "android",
    "ms_played": 0,
    "conn_country": "CL",
    "ip_addr_decrypted": "45.232.32.195",
    "user_agent_decrypted": "unknown",
    "master_metadata_track_name": "6.5",
    "master_metadata_album_artist_name": "Jere Klein",
    "master_metadata_album_album_name": "6.5",
    "spotify_track_uri": "spotify:track:24Jam2dilbARAWyR6K1L8v",
    "episode_name": null,
    "episode_show_name": null,
    "spotify_episode_uri": null,
    "reason_start": "unknown",
    "reason_end": "endplay",
    "shuffle": false,
    "skipped": true,
    "offline": null,
    "offline_timestamp": 0,
    "incognito_mode": false
  },
  {
    "ts": "2023-04-23T03:18:23Z",
    "username": "hevian11",
    "platform": "android",
    "ms_played": 0,
    "conn_country": "CL",
    "ip_addr_decrypted": "45.232.32.195",
    "user_agent_decrypted": "unknown",
    "master_metadata_track_name": "Ram",
    "master_metadata_album_artist_name": "Jere Klein",
    "master_metadata_album_album_name": "6.5",
    "spotify_track_uri": "spotify:track:3th0luN7pe8n10lHJDIDkg",
    "episode_name": null,
    "episode_show_name": null,
    "spotify_episode_uri": null,
    "reason_start": "unknown",
    "reason_end": "endplay",
    "shuffle": false,
    "skipped": true,
    "offline": null,
    "offline_timestamp": 0,
    "incognito_mode": false
  },
  {
    "ts": "2023-04-23T18:07:24Z",
    "username": "hevian11",
    "platform": "android",
    "ms_played": 0,
    "conn_country": "CL",
    "ip_addr_decrypted": "201.188.164.110",
    "user_agent_decrypted": "unknown",
    "master_metadata_track_name": "CHORRITO PA LAS ANIMAS",
    "master_metadata_album_artist_name": "Feid",
    "master_metadata_album_album_name": "SIXDO",
    "spotify_track_uri": "spotify:track:0CYTGMBYkwUxrj1MWDLrC5",
    "episode_name": null,
    "episode_show_name": null,
    "spotify_episode_uri": null,
    "reason_start": "unknown",
    "reason_end": "endplay",
    "shuffle": false,
    "skipped": true,
    "offline": null,
    "offline_timestamp": 0,
    "incognito_mode": false
  },
  {
    "ts": "2023-04-23T18:07:24Z",
    "username": "hevian11",
    "platform": "android",
    "ms_played": 0,
    "conn_country": "CL",
    "ip_addr_decrypted": "201.188.164.110",
    "user_agent_decrypted": "unknown",
    "master_metadata_track_name": "La Pasamos CXBRXN",
    "master_metadata_album_artist_name": "Feid",
    "master_metadata_album_album_name": "SIXDO",
    "spotify_track_uri": "spotify:track:672zDo2nzWSoIIQ7zD5kuj",
    "episode_name": null,
    "episode_show_name": null,
    "spotify_episode_uri": null,
    "reason_start": "unknown",
    "reason_end": "endplay",
    "shuffle": false,
    "skipped": true,
    "offline": null,
    "offline_timestamp": 0,
    "incognito_mode": false
  },
  {
    "ts": "2023-04-23T18:07:24Z",
    "username": "hevian11",
    "platform": "android",
    "ms_played": 0,
    "conn_country": "CL",
    "ip_addr_decrypted": "201.188.164.110",
    "user_agent_decrypted": "unknown",
    "master_metadata_track_name": "The Real Slim Shady",
    "master_metadata_album_artist_name": "Eminem",
    "master_metadata_album_album_name": "The Marshall Mathers LP",
    "spotify_track_uri": "spotify:track:3yfqSUWxFvZELEM4PmlwIR",
    "episode_name": null,
    "episode_show_name": null,
    "spotify_episode_uri": null,
    "reason_start": "unknown",
    "reason_end": "endplay",
    "shuffle": false,
    "skipped": true,
    "offline": null,
    "offline_timestamp": 0,
    "incognito_mode": false
  },
  {
    "ts": "2023-04-23T18:07:24Z",
    "username": "hevian11",
    "platform": "android",
    "ms_played": 0,
    "conn_country": "CL",
    "ip_addr_decrypted": "201.188.164.110",
    "user_agent_decrypted": "unknown",
    "master_metadata_track_name": "Lose Yourself",
    "master_metadata_album_artist_name": "Eminem",
    "master_metadata_album_album_name": "Just Lose It",
    "spotify_track_uri": "spotify:track:1v7L65Lzy0j0vdpRjJewt1",
    "episode_name": null,
    "episode_show_name": null,
    "spotify_episode_uri": null,
    "reason_start": "unknown",
    "reason_end": "endplay",
    "shuffle": false,
    "skipped": true,
    "offline": null,
    "offline_timestamp": 0,
    "incognito_mode": false
  },
  {
    "ts": "2023-04-23T22:35:32Z",
    "username": "hevian11",
    "platform": "android",
    "ms_played": 0,
    "conn_country": "CL",
    "ip_addr_decrypted": "45.232.32.16",
    "user_agent_decrypted": "unknown",
    "master_metadata_track_name": "Cupido",
    "master_metadata_album_artist_name": "TINI",
    "master_metadata_album_album_name": "Cupido",
    "spotify_track_uri": "spotify:track:04ndZkbKGthTgYSv3xS7en",
    "episode_name": null,
    "episode_show_name": null,
    "spotify_episode_uri": null,
    "reason_start": "unknown",
    "reason_end": "endplay",
    "shuffle": false,
    "skipped": true,
    "offline": null,
    "offline_timestamp": 0,
    "incognito_mode": false
  },
  {
    "ts": "2023-04-23T22:35:32Z",
    "username": "hevian11",
    "platform": "android",
    "ms_played": 0,
    "conn_country": "CL",
    "ip_addr_decrypted": "45.232.32.16",
    "user_agent_decrypted": "unknown",
    "master_metadata_track_name": "Te Pido",
    "master_metadata_album_artist_name": "TINI",
    "master_metadata_album_album_name": "Cupido",
    "spotify_track_uri": "spotify:track:0rnZOspoTCAXfvAudOdRng",
    "episode_name": null,
    "episode_show_name": null,
    "spotify_episode_uri": null,
    "reason_start": "unknown",
    "reason_end": "endplay",
    "shuffle": false,
    "skipped": true,
    "offline": null,
    "offline_timestamp": 0,
    "incognito_mode": false
  },
  {
    "ts": "2023-04-27T13:41:10Z",
    "username": "hevian11",
    "platform": "android",
    "ms_played": 0,
    "conn_country": "CL",
    "ip_addr_decrypted": "201.219.234.123",
    "user_agent_decrypted": "unknown",
    "master_metadata_track_name": "Jefa",
    "master_metadata_album_artist_name": "Cazzu",
    "master_metadata_album_album_name": "Nena Trampa",
    "spotify_track_uri": "spotify:track:4lbN59oAXTZuKkq16ACHbE",
    "episode_name": null,
    "episode_show_name": null,
    "spotify_episode_uri": null,
    "reason_start": "unknown",
    "reason_end": "endplay",
    "shuffle": false,
    "skipped": true,
    "offline": null,
    "offline_timestamp": 0,
    "incognito_mode": false
  },
  {
    "ts": "2023-04-27T13:41:10Z",
    "username": "hevian11",
    "platform": "android",
    "ms_played": 0,
    "conn_country": "CL",
    "ip_addr_decrypted": "201.219.234.123",
    "user_agent_decrypted": "unknown",
    "master_metadata_track_name": "Nena Trampa",
    "master_metadata_album_artist_name": "Cazzu",
    "master_metadata_album_album_name": "Nena Trampa",
    "spotify_track_uri": "spotify:track:6v3oRcV32Jj1zzFjBRspfq",
    "episode_name": null,
    "episode_show_name": null,
    "spotify_episode_uri": null,
    "reason_start": "unknown",
    "reason_end": "endplay",
    "shuffle": false,
    "skipped": true,
    "offline": null,
    "offline_timestamp": 0,
    "incognito_mode": false
  },
  {
    "ts": "2023-04-28T00:44:52Z",
    "username": "hevian11",
    "platform": "android",
    "ms_played": 0,
    "conn_country": "CL",
    "ip_addr_decrypted": "45.232.92.176",
    "user_agent_decrypted": "unknown",
    "master_metadata_track_name": "LA INOCENTE",
    "master_metadata_album_artist_name": "Mora",
    "master_metadata_album_album_name": "MICRODOSIS",
    "spotify_track_uri": "spotify:track:5jt25aFjW2kNoBqaEVaz5W",
    "episode_name": null,
    "episode_show_name": null,
    "spotify_episode_uri": null,
    "reason_start": "unknown",
    "reason_end": "endplay",
    "shuffle": false,
    "skipped": true,
    "offline": null,
    "offline_timestamp": 0,
    "incognito_mode": false
  },
  {
    "ts": "2023-04-28T00:44:52Z",
    "username": "hevian11",
    "platform": "android",
    "ms_played": 0,
    "conn_country": "CL",
    "ip_addr_decrypted": "45.232.92.176",
    "user_agent_decrypted": "unknown",
    "master_metadata_track_name": "CLASSY 101",
    "master_metadata_album_artist_name": "Feid",
    "master_metadata_album_album_name": "CLASSY 101",
    "spotify_track_uri": "spotify:track:6XSqqQIy7Lm7SnwxS4NrGx",
    "episode_name": null,
    "episode_show_name": null,
    "spotify_episode_uri": null,
    "reason_start": "unknown",
    "reason_end": "endplay",
    "shuffle": false,
    "skipped": true,
    "offline": null,
    "offline_timestamp": 0,
    "incognito_mode": false
  },
  {
    "ts": "2023-04-28T00:44:55Z",
    "username": "hevian11",
    "platform": "android",
    "ms_played": 0,
    "conn_country": "CL",
    "ip_addr_decrypted": "45.232.92.176",
    "user_agent_decrypted": "unknown",
    "master_metadata_track_name": "Se Parece Más A Ti",
    "master_metadata_album_artist_name": "Jambao",
    "master_metadata_album_album_name": "Separece A Ti",
    "spotify_track_uri": "spotify:track:4bWdlExSeKAotB6uJwxFlf",
    "episode_name": null,
    "episode_show_name": null,
    "spotify_episode_uri": null,
    "reason_start": "unknown",
    "reason_end": "endplay",
    "shuffle": false,
    "skipped": true,
    "offline": null,
    "offline_timestamp": 0,
    "incognito_mode": false
  },
  {
    "ts": "2023-04-28T00:44:55Z",
    "username": "hevian11",
    "platform": "android",
    "ms_played": 0,
    "conn_country": "CL",
    "ip_addr_decrypted": "45.232.92.176",
    "user_agent_decrypted": "unknown",
    "master_metadata_track_name": "Me Enamore",
    "master_metadata_album_artist_name": "Agrupación Marilyn",
    "master_metadata_album_album_name": "Historias",
    "spotify_track_uri": "spotify:track:69Z2hUoeaxVx3Hxf8unmks",
    "episode_name": null,
    "episode_show_name": null,
    "spotify_episode_uri": null,
    "reason_start": "unknown",
    "reason_end": "endplay",
    "shuffle": false,
    "skipped": true,
    "offline": null,
    "offline_timestamp": 0,
    "incognito_mode": false
  },
  {
    "ts": "2023-04-28T02:20:21Z",
    "username": "hevian11",
    "platform": "android",
    "ms_played": 0,
    "conn_country": "CL",
    "ip_addr_decrypted": "45.232.92.176",
    "user_agent_decrypted": "unknown",
    "master_metadata_track_name": "qué le pasa conmigo?",
    "master_metadata_album_artist_name": "Nicki Nicole",
    "master_metadata_album_album_name": "qué le pasa conmigo?",
    "spotify_track_uri": "spotify:track:4TrYGTVgWOe2s3ZPn5qFTa",
    "episode_name": null,
    "episode_show_name": null,
    "spotify_episode_uri": null,
    "reason_start": "unknown",
    "reason_end": "endplay",
    "shuffle": false,
    "skipped": true,
    "offline": null,
    "offline_timestamp": 0,
    "incognito_mode": false
  },
  {
    "ts": "2023-04-28T02:20:21Z",
    "username": "hevian11",
    "platform": "android",
    "ms_played": 0,
    "conn_country": "CL",
    "ip_addr_decrypted": "45.232.92.176",
    "user_agent_decrypted": "unknown",
    "master_metadata_track_name": "On Fleek",
    "master_metadata_album_artist_name": "Bryant Myers",
    "master_metadata_album_album_name": "On Fleek",
    "spotify_track_uri": "spotify:track:6plOBNhg7WOoCdtLGAGp43",
    "episode_name": null,
    "episode_show_name": null,
    "spotify_episode_uri": null,
    "reason_start": "unknown",
    "reason_end": "endplay",
    "shuffle": false,
    "skipped": true,
    "offline": null,
    "offline_timestamp": 0,
    "incognito_mode": false
  },
  {
    "ts": "2023-04-28T02:20:21Z",
    "username": "hevian11",
    "platform": "android",
    "ms_played": 0,
    "conn_country": "CL",
    "ip_addr_decrypted": "45.232.92.176",
    "user_agent_decrypted": "unknown",
    "master_metadata_track_name": "Venga Pa' Acá",
    "master_metadata_album_artist_name": "Pailita",
    "master_metadata_album_album_name": "Venga Pa' Acá",
    "spotify_track_uri": "spotify:track:6aiFYVWZZVVckJEfvdmiu8",
    "episode_name": null,
    "episode_show_name": null,
    "spotify_episode_uri": null,
    "reason_start": "unknown",
    "reason_end": "endplay",
    "shuffle": false,
    "skipped": true,
    "offline": null,
    "offline_timestamp": 0,
    "incognito_mode": false
  },
  {
    "ts": "2023-04-28T02:20:21Z",
    "username": "hevian11",
    "platform": "android",
    "ms_played": 0,
    "conn_country": "CL",
    "ip_addr_decrypted": "45.232.92.176",
    "user_agent_decrypted": "unknown",
    "master_metadata_track_name": "Está Cabrón Ser Yo",
    "master_metadata_album_artist_name": "Bad Bunny",
    "master_metadata_album_album_name": "YHLQMDLG",
    "spotify_track_uri": "spotify:track:4saHEjXw7O1NXJOzBkUKKG",
    "episode_name": null,
    "episode_show_name": null,
    "spotify_episode_uri": null,
    "reason_start": "unknown",
    "reason_end": "endplay",
    "shuffle": false,
    "skipped": true,
    "offline": null,
    "offline_timestamp": 0,
    "incognito_mode": false
  },
  {
    "ts": "2023-04-28T02:24:32Z",
    "username": "hevian11",
    "platform": "android",
    "ms_played": 0,
    "conn_country": "CL",
    "ip_addr_decrypted": "45.232.92.176",
    "user_agent_decrypted": "unknown",
    "master_metadata_track_name": "On Fleek",
    "master_metadata_album_artist_name": "Bryant Myers",
    "master_metadata_album_album_name": "On Fleek",
    "spotify_track_uri": "spotify:track:6plOBNhg7WOoCdtLGAGp43",
    "episode_name": null,
    "episode_show_name": null,
    "spotify_episode_uri": null,
    "reason_start": "unknown",
    "reason_end": "endplay",
    "shuffle": false,
    "skipped": true,
    "offline": null,
    "offline_timestamp": 0,
    "incognito_mode": false
  },
  {
    "ts": "2023-04-28T02:24:32Z",
    "username": "hevian11",
    "platform": "android",
    "ms_played": 0,
    "conn_country": "CL",
    "ip_addr_decrypted": "45.232.92.176",
    "user_agent_decrypted": "unknown",
    "master_metadata_track_name": "Venga Pa' Acá",
    "master_metadata_album_artist_name": "Pailita",
    "master_metadata_album_album_name": "Venga Pa' Acá",
    "spotify_track_uri": "spotify:track:6aiFYVWZZVVckJEfvdmiu8",
    "episode_name": null,
    "episode_show_name": null,
    "spotify_episode_uri": null,
    "reason_start": "unknown",
    "reason_end": "endplay",
    "shuffle": false,
    "skipped": true,
    "offline": null,
    "offline_timestamp": 0,
    "incognito_mode": false
  },
  {
    "ts": "2023-04-28T02:24:32Z",
    "username": "hevian11",
    "platform": "android",
    "ms_played": 0,
    "conn_country": "CL",
    "ip_addr_decrypted": "45.232.92.176",
    "user_agent_decrypted": "unknown",
    "master_metadata_track_name": "Está Cabrón Ser Yo",
    "master_metadata_album_artist_name": "Bad Bunny",
    "master_metadata_album_album_name": "YHLQMDLG",
    "spotify_track_uri": "spotify:track:4saHEjXw7O1NXJOzBkUKKG",
    "episode_name": null,
    "episode_show_name": null,
    "spotify_episode_uri": null,
    "reason_start": "unknown",
    "reason_end": "endplay",
    "shuffle": false,
    "skipped": true,
    "offline": null,
    "offline_timestamp": 0,
    "incognito_mode": false
  },
  {
    "ts": "2023-04-28T02:24:32Z",
    "username": "hevian11",
    "platform": "android",
    "ms_played": 0,
    "conn_country": "CL",
    "ip_addr_decrypted": "45.232.92.176",
    "user_agent_decrypted": "unknown",
    "master_metadata_track_name": "qué le pasa conmigo?",
    "master_metadata_album_artist_name": "Nicki Nicole",
    "master_metadata_album_album_name": "qué le pasa conmigo?",
    "spotify_track_uri": "spotify:track:4TrYGTVgWOe2s3ZPn5qFTa",
    "episode_name": null,
    "episode_show_name": null,
    "spotify_episode_uri": null,
    "reason_start": "unknown",
    "reason_end": "endplay",
    "shuffle": false,
    "skipped": true,
    "offline": null,
    "offline_timestamp": 0,
    "incognito_mode": false
  },
  {
    "ts": "2023-04-29T15:42:34Z",
    "username": "hevian11",
    "platform": "android",
    "ms_played": 0,
    "conn_country": "CL",
    "ip_addr_decrypted": "201.219.234.52",
    "user_agent_decrypted": "unknown",
    "master_metadata_track_name": "GATÚBELA",
    "master_metadata_album_artist_name": "KAROL G",
    "master_metadata_album_album_name": "MAÑANA SERÁ BONITO",
    "spotify_track_uri": "spotify:track:6Vn1vje8yMw2OY6IOk9dkH",
    "episode_name": null,
    "episode_show_name": null,
    "spotify_episode_uri": null,
    "reason_start": "unknown",
    "reason_end": "endplay",
    "shuffle": false,
    "skipped": true,
    "offline": null,
    "offline_timestamp": 0,
    "incognito_mode": false
  },
  {
    "ts": "2023-04-29T15:42:34Z",
    "username": "hevian11",
    "platform": "android",
    "ms_played": 0,
    "conn_country": "CL",
    "ip_addr_decrypted": "201.219.234.52",
    "user_agent_decrypted": "unknown",
    "master_metadata_track_name": null,
    "master_metadata_album_artist_name": null,
    "master_metadata_album_album_name": null,
    "spotify_track_uri": null,
    "episode_name": "Depresión postparto",
    "episode_show_name": "Primerizas El Podcast",
    "spotify_episode_uri": "spotify:episode:5gRNPCoOWzAS89ugq7o2os",
    "reason_start": "unknown",
    "reason_end": "endplay",
    "shuffle": false,
    "skipped": true,
    "offline": null,
    "offline_timestamp": 0,
    "incognito_mode": false
  },
  {
    "ts": "2023-04-29T15:42:34Z",
    "username": "hevian11",
    "platform": "android",
    "ms_played": 0,
    "conn_country": "CL",
    "ip_addr_decrypted": "201.219.234.52",
    "user_agent_decrypted": "unknown",
    "master_metadata_track_name": "TQG",
    "master_metadata_album_artist_name": "KAROL G",
    "master_metadata_album_album_name": "MAÑANA SERÁ BONITO",
    "spotify_track_uri": "spotify:track:0DWdj2oZMBFSzRsi2Cvfzf",
    "episode_name": null,
    "episode_show_name": null,
    "spotify_episode_uri": null,
    "reason_start": "unknown",
    "reason_end": "endplay",
    "shuffle": false,
    "skipped": true,
    "offline": null,
    "offline_timestamp": 0,
    "incognito_mode": false
  },
  {
    "ts": "2023-04-30T20:54:30Z",
    "username": "hevian11",
    "platform": "android",
    "ms_played": 0,
    "conn_country": "CL",
    "ip_addr_decrypted": "201.188.168.122",
    "user_agent_decrypted": "unknown",
    "master_metadata_track_name": "We Are Young (feat. Janelle Monáe)",
    "master_metadata_album_artist_name": "fun.",
    "master_metadata_album_album_name": "Some Nights",
    "spotify_track_uri": "spotify:track:5rgy6ghBq1eRApCkeUdJXf",
    "episode_name": null,
    "episode_show_name": null,
    "spotify_episode_uri": null,
    "reason_start": "unknown",
    "reason_end": "endplay",
    "shuffle": false,
    "skipped": true,
    "offline": null,
    "offline_timestamp": 0,
    "incognito_mode": false
  },
  {
    "ts": "2023-04-30T20:54:30Z",
    "username": "hevian11",
    "platform": "android",
    "ms_played": 0,
    "conn_country": "CL",
    "ip_addr_decrypted": "201.188.168.122",
    "user_agent_decrypted": "unknown",
    "master_metadata_track_name": "Demons",
    "master_metadata_album_artist_name": "Imagine Dragons",
    "master_metadata_album_album_name": "Night Visions",
    "spotify_track_uri": "spotify:track:5qaEfEh1AtSdrdrByCP7qR",
    "episode_name": null,
    "episode_show_name": null,
    "spotify_episode_uri": null,
    "reason_start": "unknown",
    "reason_end": "endplay",
    "shuffle": false,
    "skipped": true,
    "offline": null,
    "offline_timestamp": 0,
    "incognito_mode": false
  },
  {
    "ts": "2023-04-30T20:54:35Z",
    "username": "hevian11",
    "platform": "android",
    "ms_played": 0,
    "conn_country": "CL",
    "ip_addr_decrypted": "201.188.168.122",
    "user_agent_decrypted": "unknown",
    "master_metadata_track_name": "Si Me Sobrara el Tiempo",
    "master_metadata_album_artist_name": "Duki",
    "master_metadata_album_album_name": "Si Me Sobrara el Tiempo",
    "spotify_track_uri": "spotify:track:2ypbIXW3a7fsLdLtLpZWDZ",
    "episode_name": null,
    "episode_show_name": null,
    "spotify_episode_uri": null,
    "reason_start": "unknown",
    "reason_end": "endplay",
    "shuffle": false,
    "skipped": true,
    "offline": null,
    "offline_timestamp": 0,
    "incognito_mode": false
  },
  {
    "ts": "2023-04-30T20:54:35Z",
    "username": "hevian11",
    "platform": "android",
    "ms_played": 0,
    "conn_country": "CL",
    "ip_addr_decrypted": "201.188.168.122",
    "user_agent_decrypted": "unknown",
    "master_metadata_track_name": "FEEL ME??",
    "master_metadata_album_artist_name": "Trueno",
    "master_metadata_album_album_name": "BIEN O MAL",
    "spotify_track_uri": "spotify:track:3qukYaYSxIUBcq5UIUIsPf",
    "episode_name": null,
    "episode_show_name": null,
    "spotify_episode_uri": null,
    "reason_start": "unknown",
    "reason_end": "endplay",
    "shuffle": false,
    "skipped": true,
    "offline": null,
    "offline_timestamp": 0,
    "incognito_mode": false
  },
  {
    "ts": "2023-05-13T20:19:29Z",
    "username": "hevian11",
    "platform": "android",
    "ms_played": 0,
    "conn_country": "CL",
    "ip_addr_decrypted": "168.196.203.65",
    "user_agent_decrypted": "unknown",
    "master_metadata_track_name": "Alas Rotas",
    "master_metadata_album_artist_name": "Deyco",
    "master_metadata_album_album_name": "Alas Rotas",
    "spotify_track_uri": "spotify:track:4BjBOHYl0ySaVyfGMrAnWc",
    "episode_name": null,
    "episode_show_name": null,
    "spotify_episode_uri": null,
    "reason_start": "unknown",
    "reason_end": "endplay",
    "shuffle": false,
    "skipped": true,
    "offline": null,
    "offline_timestamp": 0,
    "incognito_mode": false
  },
  {
    "ts": "2023-05-13T20:19:29Z",
    "username": "hevian11",
    "platform": "android",
    "ms_played": 0,
    "conn_country": "CL",
    "ip_addr_decrypted": "168.196.203.65",
    "user_agent_decrypted": "unknown",
    "master_metadata_track_name": "Por clave El Cabezón 2",
    "master_metadata_album_artist_name": "Homer El Mero Mero",
    "master_metadata_album_album_name": "Por clave El Cabezón",
    "spotify_track_uri": "spotify:track:0HOhRI51K27ynqH7QQj1Rv",
    "episode_name": null,
    "episode_show_name": null,
    "spotify_episode_uri": null,
    "reason_start": "unknown",
    "reason_end": "endplay",
    "shuffle": false,
    "skipped": true,
    "offline": null,
    "offline_timestamp": 0,
    "incognito_mode": false
  },
  {
    "ts": "2023-06-04T17:01:56Z",
    "username": "hevian11",
    "platform": "android",
    "ms_played": 0,
    "conn_country": "CL",
    "ip_addr_decrypted": "201.214.86.88",
    "user_agent_decrypted": "unknown",
    "master_metadata_track_name": null,
    "master_metadata_album_artist_name": null,
    "master_metadata_album_album_name": null,
    "spotify_track_uri": null,
    "episode_name": "262. Lillgammal",
    "episode_show_name": "Dos Nombres Comunes",
    "spotify_episode_uri": "spotify:episode:4Ch4yPKUQLyBScG3lnyxcz",
    "reason_start": "unknown",
    "reason_end": "endplay",
    "shuffle": false,
    "skipped": true,
    "offline": null,
    "offline_timestamp": 0,
    "incognito_mode": false
  },
  {
    "ts": "2023-06-04T17:01:56Z",
    "username": "hevian11",
    "platform": "android",
    "ms_played": 0,
    "conn_country": "CL",
    "ip_addr_decrypted": "201.214.86.88",
    "user_agent_decrypted": "unknown",
    "master_metadata_track_name": null,
    "master_metadata_album_artist_name": null,
    "master_metadata_album_album_name": null,
    "spotify_track_uri": null,
    "episode_name": "Inflando la Pelota – CAP 0 – Barrio Bravo el Podcast",
    "episode_show_name": "Barrio Bravo",
    "spotify_episode_uri": "spotify:episode:4hz54Mxzx4fzH8lwYf9q8R",
    "reason_start": "unknown",
    "reason_end": "endplay",
    "shuffle": false,
    "skipped": true,
    "offline": null,
    "offline_timestamp": 0,
    "incognito_mode": false
  },
  {
    "ts": "2023-06-04T17:01:56Z",
    "username": "hevian11",
    "platform": "android",
    "ms_played": 0,
    "conn_country": "CL",
    "ip_addr_decrypted": "201.214.86.88",
    "user_agent_decrypted": "unknown",
    "master_metadata_track_name": null,
    "master_metadata_album_artist_name": null,
    "master_metadata_album_album_name": null,
    "spotify_track_uri": null,
    "episode_name": "Con lo justo – Programa 25 (24/02/23",
    "episode_show_name": "Con Lo Justo",
    "spotify_episode_uri": "spotify:episode:126Nx8NnmPNAsGFr0S2HL7",
    "reason_start": "unknown",
    "reason_end": "endplay",
    "shuffle": false,
    "skipped": true,
    "offline": null,
    "offline_timestamp": 0,
    "incognito_mode": false
  },
  {
    "ts": "2023-12-21T03:24:52Z",
    "username": "hevian11",
    "platform": "android",
    "ms_played": 2599,
    "conn_country": "CL",
    "ip_addr_decrypted": "200.104.48.90",
    "user_agent_decrypted": "unknown",
    "master_metadata_track_name": null,
    "master_metadata_album_artist_name": null,
    "master_metadata_album_album_name": null,
    "spotify_track_uri": null,
    "episode_name": null,
    "episode_show_name": null,
    "spotify_episode_uri": null,
    "reason_start": "unknown",
    "reason_end": "endplay",
    "shuffle": false,
    "skipped": true,
    "offline": null,
    "offline_timestamp": 0,
    "incognito_mode": false
  },
  {
    "ts": "2023-12-21T03:24:56Z",
    "username": "hevian11",
    "platform": "android",
    "ms_played": 3961,
    "conn_country": "CL",
    "ip_addr_decrypted": "200.104.48.90",
    "user_agent_decrypted": "unknown",
    "master_metadata_track_name": "RoCKSTAR 2.0",
    "master_metadata_album_artist_name": "Duki",
    "master_metadata_album_album_name": "Antes de Ameri",
    "spotify_track_uri": "spotify:track:7CIhIJ7ekWwmbsnUxNvILc",
    "episode_name": null,
    "episode_show_name": null,
    "spotify_episode_uri": null,
    "reason_start": "unknown",
    "reason_end": "endplay",
    "shuffle": false,
    "skipped": true,
    "offline": null,
    "offline_timestamp": 0,
    "incognito_mode": false
  },
  {
    "ts": "2023-12-21T03:25:22Z",
    "username": "hevian11",
    "platform": "android",
    "ms_played": 26090,
    "conn_country": "CL",
    "ip_addr_decrypted": "200.104.48.90",
    "user_agent_decrypted": "unknown",
    "master_metadata_track_name": null,
    "master_metadata_album_artist_name": null,
    "master_metadata_album_album_name": null,
    "spotify_track_uri": null,
    "episode_name": null,
    "episode_show_name": null,
    "spotify_episode_uri": null,
    "reason_start": "unknown",
    "reason_end": "trackdone",
    "shuffle": false,
    "skipped": false,
    "offline": null,
    "offline_timestamp": 0,
    "incognito_mode": false
  },
  {
    "ts": "2023-12-21T03:25:22Z",
    "username": "hevian11",
    "platform": "android",
    "ms_played": 0,
    "conn_country": "CL",
    "ip_addr_decrypted": "200.104.48.90",
    "user_agent_decrypted": "unknown",
    "master_metadata_track_name": null,
    "master_metadata_album_artist_name": null,
    "master_metadata_album_album_name": null,
    "spotify_track_uri": null,
    "episode_name": null,
    "episode_show_name": null,
    "spotify_episode_uri": null,
    "reason_start": "unknown",
    "reason_end": "endplay",
    "shuffle": false,
    "skipped": true,
    "offline": null,
    "offline_timestamp": 0,
    "incognito_mode": false
  },
  {
    "ts": "2023-12-21T03:25:24Z",
    "username": "hevian11",
    "platform": "android",
    "ms_played": 1149,
    "conn_country": "CL",
    "ip_addr_decrypted": "200.104.48.90",
    "user_agent_decrypted": "unknown",
    "master_metadata_track_name": "Remember Me",
    "master_metadata_album_artist_name": "Duki",
    "master_metadata_album_album_name": "Remember Me",
    "spotify_track_uri": "spotify:track:7LknbZPcWVDMb6VLDI01MY",
    "episode_name": null,
    "episode_show_name": null,
    "spotify_episode_uri": null,
    "reason_start": "unknown",
    "reason_end": "endplay",
    "shuffle": false,
    "skipped": true,
    "offline": null,
    "offline_timestamp": 0,
    "incognito_mode": false
  },
  {
    "ts": "2023-12-21T03:25:26Z",
    "username": "hevian11",
    "platform": "android",
    "ms_played": 1705,
    "conn_country": "CL",
    "ip_addr_decrypted": "200.104.48.90",
    "user_agent_decrypted": "unknown",
    "master_metadata_track_name": null,
    "master_metadata_album_artist_name": null,
    "master_metadata_album_album_name": null,
    "spotify_track_uri": null,
    "episode_name": null,
    "episode_show_name": null,
    "spotify_episode_uri": null,
    "reason_start": "unknown",
    "reason_end": "endplay",
    "shuffle": false,
    "skipped": true,
    "offline": null,
    "offline_timestamp": 0,
    "incognito_mode": false
  },
  {
    "ts": "2023-12-21T03:25:27Z",
    "username": "hevian11",
    "platform": "android",
    "ms_played": 924,
    "conn_country": "CL",
    "ip_addr_decrypted": "200.104.48.90",
    "user_agent_decrypted": "unknown",
    "master_metadata_track_name": "PLAYA DEL INGLÉS",
    "master_metadata_album_artist_name": "Quevedo",
    "master_metadata_album_album_name": "PLAYA DEL INGLÉS",
    "spotify_track_uri": "spotify:track:2t6IxTASaSFkZEt61tQ6W6",
    "episode_name": null,
    "episode_show_name": null,
    "spotify_episode_uri": null,
    "reason_start": "unknown",
    "reason_end": "endplay",
    "shuffle": false,
    "skipped": true,
    "offline": null,
    "offline_timestamp": 0,
    "incognito_mode": false
  },
  {
    "ts": "2023-12-21T03:25:30Z",
    "username": "hevian11",
    "platform": "android",
    "ms_played": 3514,
    "conn_country": "CL",
    "ip_addr_decrypted": "200.104.48.90",
    "user_agent_decrypted": "unknown",
    "master_metadata_track_name": null,
    "master_metadata_album_artist_name": null,
    "master_metadata_album_album_name": null,
    "spotify_track_uri": null,
    "episode_name": null,
    "episode_show_name": null,
    "spotify_episode_uri": null,
    "reason_start": "unknown",
    "reason_end": "endplay",
    "shuffle": false,
    "skipped": true,
    "offline": null,
    "offline_timestamp": 0,
    "incognito_mode": false
  },
  {
    "ts": "2023-12-21T03:25:31Z",
    "username": "hevian11",
    "platform": "android",
    "ms_played": 625,
    "conn_country": "CL",
    "ip_addr_decrypted": "200.104.48.90",
    "user_agent_decrypted": "unknown",
    "master_metadata_track_name": "FLECHAZO EN EL CENTRO",
    "master_metadata_album_artist_name": "YSY A",
    "master_metadata_album_album_name": "TU DUO FAVORITO",
    "spotify_track_uri": "spotify:track:4jn3R3KF5hx2fCiXlj89yE",
    "episode_name": null,
    "episode_show_name": null,
    "spotify_episode_uri": null,
    "reason_start": "unknown",
    "reason_end": "endplay",
    "shuffle": false,
    "skipped": true,
    "offline": null,
    "offline_timestamp": 0,
    "incognito_mode": false
  },
  {
    "ts": "2023-12-21T03:25:39Z",
    "username": "hevian11",
    "platform": "android",
    "ms_played": 405,
    "conn_country": "CL",
    "ip_addr_decrypted": "200.104.48.90",
    "user_agent_decrypted": "unknown",
    "master_metadata_track_name": "Sin Culpa (feat.DrefQuila)",
    "master_metadata_album_artist_name": "Duki",
    "master_metadata_album_album_name": "Sin Culpa (feat. DrefQuila)",
    "spotify_track_uri": "spotify:track:03PZ9C7f90TLbDk3dYjBd2",
    "episode_name": null,
    "episode_show_name": null,
    "spotify_episode_uri": null,
    "reason_start": "unknown",
    "reason_end": "endplay",
    "shuffle": false,
    "skipped": true,
    "offline": null,
    "offline_timestamp": 0,
    "incognito_mode": false
  },
  {
    "ts": "2023-12-21T03:25:39Z",
    "username": "hevian11",
    "platform": "android",
    "ms_played": 7311,
    "conn_country": "CL",
    "ip_addr_decrypted": "200.104.48.90",
    "user_agent_decrypted": "unknown",
    "master_metadata_track_name": null,
    "master_metadata_album_artist_name": null,
    "master_metadata_album_album_name": null,
    "spotify_track_uri": null,
    "episode_name": null,
    "episode_show_name": null,
    "spotify_episode_uri": null,
    "reason_start": "unknown",
    "reason_end": "endplay",
    "shuffle": false,
    "skipped": true,
    "offline": null,
    "offline_timestamp": 0,
    "incognito_mode": false
  },
  {
    "ts": "2023-12-21T03:25:41Z",
    "username": "hevian11",
    "platform": "android",
    "ms_played": 403,
    "conn_country": "CL",
    "ip_addr_decrypted": "200.104.48.90",
    "user_agent_decrypted": "unknown",
    "master_metadata_track_name": "Teca (Remix) [feat. Neo Pistea, Midel, Rei & Zecca]",
    "master_metadata_album_artist_name": "Asan",
    "master_metadata_album_album_name": "Teca (Remix) [feat. Neo Pistea, Midel, Rei & Zecca]",
    "spotify_track_uri": "spotify:track:4L9WoTpNvdFv8SPW7koxWC",
    "episode_name": null,
    "episode_show_name": null,
    "spotify_episode_uri": null,
    "reason_start": "unknown",
    "reason_end": "endplay",
    "shuffle": false,
    "skipped": true,
    "offline": null,
    "offline_timestamp": 0,
    "incognito_mode": false
  },
  {
    "ts": "2023-12-21T03:25:41Z",
    "username": "hevian11",
    "platform": "android",
    "ms_played": 1553,
    "conn_country": "CL",
    "ip_addr_decrypted": "200.104.48.90",
    "user_agent_decrypted": "unknown",
    "master_metadata_track_name": null,
    "master_metadata_album_artist_name": null,
    "master_metadata_album_album_name": null,
    "spotify_track_uri": null,
    "episode_name": null,
    "episode_show_name": null,
    "spotify_episode_uri": null,
    "reason_start": "unknown",
    "reason_end": "endplay",
    "shuffle": false,
    "skipped": true,
    "offline": null,
    "offline_timestamp": 0,
    "incognito_mode": false
  },
  {
    "ts": "2023-12-21T03:25:43Z",
    "username": "hevian11",
    "platform": "android",
    "ms_played": 1311,
    "conn_country": "CL",
    "ip_addr_decrypted": "200.104.48.90",
    "user_agent_decrypted": "unknown",
    "master_metadata_track_name": null,
    "master_metadata_album_artist_name": null,
    "master_metadata_album_album_name": null,
    "spotify_track_uri": null,
    "episode_name": null,
    "episode_show_name": null,
    "spotify_episode_uri": null,
    "reason_start": "unknown",
    "reason_end": "endplay",
    "shuffle": false,
    "skipped": true,
    "offline": null,
    "offline_timestamp": 0,
    "incognito_mode": false
  },
  {
    "ts": "2023-12-21T03:25:43Z",
    "username": "hevian11",
    "platform": "android",
    "ms_played": 376,
    "conn_country": "CL",
    "ip_addr_decrypted": "200.104.48.90",
    "user_agent_decrypted": "unknown",
    "master_metadata_track_name": "Kemba Walker",
    "master_metadata_album_artist_name": "Eladio Carrion",
    "master_metadata_album_album_name": "Kemba Walker",
    "spotify_track_uri": "spotify:track:38kLHBjtWJaPXcyFhwRVtI",
    "episode_name": null,
    "episode_show_name": null,
    "spotify_episode_uri": null,
    "reason_start": "unknown",
    "reason_end": "endplay",
    "shuffle": false,
    "skipped": true,
    "offline": null,
    "offline_timestamp": 0,
    "incognito_mode": false
  },
  {
    "ts": "2023-12-21T03:25:52Z",
    "username": "hevian11",
    "platform": "android",
    "ms_played": 8979,
    "conn_country": "CL",
    "ip_addr_decrypted": "200.104.48.90",
    "user_agent_decrypted": "unknown",
    "master_metadata_track_name": null,
    "master_metadata_album_artist_name": null,
    "master_metadata_album_album_name": null,
    "spotify_track_uri": null,
    "episode_name": null,
    "episode_show_name": null,
    "spotify_episode_uri": null,
    "reason_start": "unknown",
    "reason_end": "endplay",
    "shuffle": false,
    "skipped": true,
    "offline": null,
    "offline_timestamp": 0,
    "incognito_mode": false
  },
  {
    "ts": "2023-12-21T03:25:53Z",
    "username": "hevian11",
    "platform": "android",
    "ms_played": 350,
    "conn_country": "CL",
    "ip_addr_decrypted": "200.104.48.90",
    "user_agent_decrypted": "unknown",
    "master_metadata_track_name": "Entre Nosotros",
    "master_metadata_album_artist_name": "Tiago PZK",
    "master_metadata_album_album_name": "Entre Nosotros",
    "spotify_track_uri": "spotify:track:6w8yBI2vthyN9UnwO4UBWb",
    "episode_name": null,
    "episode_show_name": null,
    "spotify_episode_uri": null,
    "reason_start": "unknown",
    "reason_end": "endplay",
    "shuffle": false,
    "skipped": true,
    "offline": null,
    "offline_timestamp": 0,
    "incognito_mode": false
  },
  {
    "ts": "2023-12-21T03:25:54Z",
    "username": "hevian11",
    "platform": "android",
    "ms_played": 1270,
    "conn_country": "CL",
    "ip_addr_decrypted": "200.104.48.90",
    "user_agent_decrypted": "unknown",
    "master_metadata_track_name": null,
    "master_metadata_album_artist_name": null,
    "master_metadata_album_album_name": null,
    "spotify_track_uri": null,
    "episode_name": null,
    "episode_show_name": null,
    "spotify_episode_uri": null,
    "reason_start": "unknown",
    "reason_end": "endplay",
    "shuffle": false,
    "skipped": true,
    "offline": null,
    "offline_timestamp": 0,
    "incognito_mode": false
  },
  {
    "ts": "2023-12-21T03:25:55Z",
    "username": "hevian11",
    "platform": "android",
    "ms_played": 328,
    "conn_country": "CL",
    "ip_addr_decrypted": "200.104.48.90",
    "user_agent_decrypted": "unknown",
    "master_metadata_track_name": "APA",
    "master_metadata_album_artist_name": "Mora",
    "master_metadata_album_album_name": "PARAÍSO",
    "spotify_track_uri": "spotify:track:3vKYvbzB7801a5qd47pxkm",
    "episode_name": null,
    "episode_show_name": null,
    "spotify_episode_uri": null,
    "reason_start": "unknown",
    "reason_end": "endplay",
    "shuffle": false,
    "skipped": true,
    "offline": null,
    "offline_timestamp": 0,
    "incognito_mode": false
  },
  {
    "ts": "2024-03-01T19:09:42Z",
    "username": "hevian11",
    "platform": "android",
    "ms_played": 873,
    "conn_country": "CL",
    "ip_addr_decrypted": "200.104.48.90",
    "user_agent_decrypted": "unknown",
    "master_metadata_track_name": "Mi Chain de Roque",
    "master_metadata_album_artist_name": "Duki",
    "master_metadata_album_album_name": "Mi Chain de Roque",
    "spotify_track_uri": "spotify:track:3MzOM5DAp7k48yZHB2DiN6",
    "episode_name": null,
    "episode_show_name": null,
    "spotify_episode_uri": null,
    "reason_start": "unknown",
    "reason_end": "endplay",
    "shuffle": false,
    "skipped": true,
    "offline": null,
    "offline_timestamp": 0,
    "incognito_mode": false
  },
  {
    "ts": "2024-03-11T13:03:47Z",
    "username": "hevian11",
    "platform": "android",
    "ms_played": 497,
    "conn_country": "CL",
    "ip_addr_decrypted": "186.189.91.64",
    "user_agent_decrypted": "unknown",
    "master_metadata_track_name": "CALL ME MAYBE",
    "master_metadata_album_artist_name": "Duki",
    "master_metadata_album_album_name": "CALL ME MAYBE",
    "spotify_track_uri": "spotify:track:7sQkCW2vO8Tbx57oQwAIKk",
    "episode_name": null,
    "episode_show_name": null,
    "spotify_episode_uri": null,
    "reason_start": "unknown",
    "reason_end": "endplay",
    "shuffle": false,
    "skipped": true,
    "offline": null,
    "offline_timestamp": 0,
    "incognito_mode": false
  },
  {
    "ts": "2024-03-22T14:19:51Z",
    "username": "hevian11",
    "platform": "android",
    "ms_played": 845,
    "conn_country": "CL",
    "ip_addr_decrypted": "186.189.91.45",
    "user_agent_decrypted": "unknown",
    "master_metadata_track_name": "La Fuerte",
    "master_metadata_album_artist_name": "Shakira",
    "master_metadata_album_album_name": "La Fuerte",
    "spotify_track_uri": "spotify:track:55BSsHhpquWU0BKsc4Dq3F",
    "episode_name": null,
    "episode_show_name": null,
    "spotify_episode_uri": null,
    "reason_start": "unknown",
    "reason_end": "endplay",
    "shuffle": false,
    "skipped": true,
    "offline": null,
    "offline_timestamp": 0,
    "incognito_mode": false
  },
  {
    "ts": "2024-04-29T16:46:14Z",
    "username": "hevian11",
    "platform": "android",
    "ms_played": 0,
    "conn_country": "CL",
    "ip_addr_decrypted": "190.107.228.128",
    "user_agent_decrypted": "unknown",
    "master_metadata_track_name": "Dimelo Rei",
    "master_metadata_album_artist_name": "Rei",
    "master_metadata_album_album_name": "Dimelo Rei",
    "spotify_track_uri": "spotify:track:6doqO46LdQrFtl2GquAZ0A",
    "episode_name": null,
    "episode_show_name": null,
    "spotify_episode_uri": null,
    "reason_start": "unknown",
    "reason_end": "endplay",
    "shuffle": false,
    "skipped": true,
    "offline": null,
    "offline_timestamp": 0,
    "incognito_mode": false
  }
]